{"95": [[6, 3]], "93": [[7, 3]], "137": [[8, 3]], "138": [[9, 3]], "111": [[4, 4]], "110": [[5, 4]], "96": [[6, 4]], "91": [[7, 4]], "144": [[8, 4]], "143": [[9, 4]], "141": [[10, 4]], "140": [[11, 4]], "128": [[2, 5]], "127": [[3, 5]], "113": [[4, 5]], "109": [[5, 5]], "97": [[6, 5]], "90": [[7, 5]], "146": [[8, 5]], "147": [[9, 5]], "148": [[10, 5]], "177": [[11, 5]], "59": [[12, 5]], "58": [[13, 5]], "130": [[2, 6]], "126": [[3, 6]], "114": [[4, 6]], "107": [[5, 6]], "99": [[6, 6]], "89": [[7, 6]], "151": [[8, 6]], "150": [[9, 6]], "73": [[10, 6]], "72": [[11, 6]], "61": [[12, 6]], "56": [[13, 6]], "131": [[2, 7]], "124": [[3, 7]], "116": [[4, 7]], "106": [[5, 7]], "100": [[6, 7]], "87": [[7, 7]], "83": [[8, 7]], "82": [[9, 7]], "75": [[10, 7]], "70": [[11, 7]], "62": [[12, 7]], "55": [[13, 7]], "133": [[2, 8]], "123": [[3, 8]], "117": [[4, 8]], "104": [[5, 8]], "102": [[6, 8]], "86": [[7, 8]], "85": [[8, 8]], "80": [[9, 8]], "76": [[10, 8]], "69": [[11, 8]], "63": [[12, 8]], "53": [[13, 8]], "134": [[2, 9]], "121": [[3, 9]], "119": [[4, 9]], "103": [[5, 9]], "21": [[6, 9]], "23": [[7, 9]], "49": [[8, 9]], "46": [[9, 9]], "79": [[10, 9]], "68": [[11, 9]], "65": [[12, 9]], "52": [[13, 9]], "136": [[2, 10]], "120": [[3, 10]], "14": [[4, 10]], "15": [[5, 10]], "19": [[6, 10]], "22": [[7, 10]], "48": [[8, 10]], "45": [[9, 10]], "41": [[10, 10]], "39": [[11, 10]], "66": [[12, 10]], "51": [[13, 10]], "0": [[2, 11]], "1": [[3, 11]], "2": [[4, 11]], "12": [[5, 11]], "16": [[6, 11]], "18": [[7, 11]], "44": [[8, 11]], "42": [[9, 11]], "38": [[10, 11]], "28": [[11, 11]], "26": [[12, 11]], "25": [[13, 11]], "4": [[4, 12]], "5": [[5, 12]], "11": [[6, 12]], "9": [[7, 12]], "35": [[8, 12]], "36": [[9, 12]], "31": [[10, 12]], "29": [[11, 12]], "6": [[6, 13]], "8": [[7, 13]], "34": [[8, 13]], "32": [[9, 13]]}